PRAGMA foreign_keys=OFF;
BEGIN TRANSACTION;

CREATE TABLE IF NOT EXISTS "nene_contact" ("id" integer NOT NULL PRIMARY KEY AUTOINCREMENT, "name" varchar(100) NOT NULL, "email" varchar(254) NOT NULL, "subject" varchar(200) NOT NULL, "message" text NOT NULL, "created_at" datetime NOT NULL);
CREATE TABLE IF NOT EXISTS "nene_article" ("id" integer NOT NULL PRIMARY KEY AUTOINCREMENT, "title" varchar(255) NOT NULL, "author" varchar(100) NOT NULL, "category" varchar(100) NOT NULL, "content" text NOT NULL, "image" varchar(100) NULL, "published_date" date NOT NULL, "slug" varchar(50) NOT NULL UNIQUE);
INSERT INTO nene_article VALUES(1,'la programmation python les base','Aliou','Tutoriel',replace(replace('Introduction à Python\r\nPrésentation des outils de programmation\r\n\r\nDans cette introduction à Python pour la programmation scientifique, nous utiliserons Python comme langage et les bibliothèques NumPy et Matplotlib pour le calcul scientifique et la visualisation.\r\n\r\nLes programmes de base en Python (qui n’utilisent pas NumPy ou Matplotlib) pourront être exécutés en ligne directement au sein de ce cours grâce à Online Python Tutor.\r\n\r\nPour exécuter les programmes de ce cours sur votre ordinateur, il vous faudra disposer de Python et des bibliothèques NumPy et Matplotlib.\r\n\r\nVous pouvez installer sur votre ordinateur le logiciel gratuit Anaconda qui offre une installation aisée de l’ensemble de l’environnement de développement nécessaire à ce cours :','\r',char(13)),'\n',char(10)),'articles/Sans_titre.jpg','2025-02-16','la-programmation-python-les-bases');
INSERT INTO nene_article VALUES(2,'la programmation python les base','Aliou','Tutoriel',replace(replace('# Introduction\r\nPython est le langage de programmation informatique le plus populaire et le plus utilisé, notamment dans le domaine de la Data Science et du Machine Learning. De plus, Python est un langage multiplateforme qui fonctionne sur divers systèmes d''exploitation, tels que Windows, macOS et Linux, ce qui en fait un choix idéal pour les développeurs travaillant sur différents environnements. Découvrez tout ce que vous devez savoir sur le langage Python : origines, utilisation, outils, avantages, inconvénients, formation.\r\n\r\n## C''est quoi le langage Python ?\r\n\r\nPython est un langage de programmation informatique généraliste. Contrairement à HTML, CSS ou JavaScript, son usage n’est donc pas limité au développement web. Il peut être utilisé pour tout type de programmation et de développement logiciel.\r\n\r\nOn s’en sert notamment pour le développement back end d’applications web ou mobile, et pour le développement de logiciels et d’applications pour PC. Il permet également d’écrire des scripts système, afin de créer des instructions pour un système informatique.\r\n\r\nPar ailleurs, Python est le langage informatique le plus populaire pour le traitement Big Data, l’exécution de calculs mathématiques ou le Machine Learning. De manière générale, il s’agit du langage de prédilection pour la Data Science.\r\n\r\n\r\n## Ecris ta premiere ligne de code\r\n```python\r\nprint("Hello World")\r\n```\r\n\r\n## Histoire\r\n- **Qui a inventé le langage Python ?**\r\n\r\nLe langage Python a été créé en 1989 par Guido van Rossum, un informaticien néerlandais. À l’origine, il a développé Python pour améliorer le langage de programmation ABC, qui était utilisé principalement pour l’éducation. \r\n\r\nGuido van Rossum avait pour objectif de créer un langage de programmation facile à lire, à écrire et à maintenir, tout en étant puissant et flexible. Il a baptisé son nouveau langage de programmation « Python » en hommage à la troupe de comédiens britanniques Monty Python, qu’il admirait. \r\n\r\nPython a connu une croissance exponentielle de popularité depuis sa création et est devenu un langage de programmation de choix pour de nombreuses entreprises et projets, notamment dans le domaine de la science des données, de l’intelligence artificielle et du développement web. Aujourd’hui, Python est un langage de programmation open source et est soutenu par une large communauté de développeurs à travers le monde.\r\n\r\n\r\n## Faire un calcule\r\n```python\r\nprint(1 + 1)\r\n```\r\n\r\n## À quoi sert le langage Python ?\r\n\r\nL’un des principaux cas d’usage de Python est le script et l’automatisation. Ce langage peut par exemple remplacer les scripts shell, mais permet aussi d’automatiser les interactions avec les navigateurs web ou les interfaces graphiques des applications. Voici d’autres principales utilisations du langage Python :\r\n\r\nIl permet aussi l’approvisionnement de système ou la configuration au travers d’outils comme Ansible ou Salt. Toutefois, c’est loin d’être ses seules applications.\r\n    Une autre utilisation est la programmation d’application. Il est possible de créer toutes sortes d’applications à l’aide de ce langage. Même s’il ne permet pas de générer des binaires standards à partir d’un script, des packages tiers comme cx Freeze et PyInstaller compensent cette faiblesse.\r\n    En outre, Python est le langage le plus utilisé pour la Data Science et le Machine Learning. La grande majorité des bibliothèques utilisées pour ces deux disciplines d’analyse de données ont des interfaces Python. C’est ce qui explique sa popularité en tant qu’interface de commande haut niveau pour les bibliothèques de Machine Learning et autres algorithmes numériques.\r\n    On utilise aussi ce langage pour la création de services Web et d’APIs RESTful. Ses différentes bibliothèques natives et frameworks web tiers permettent de programmer des sites web data-drivent avec quelques lignes de code seulement.\r\n    Un autre cas d’usage est la métaprogrammation et la génération de code. Chaque élément de ce langage est un objet, y compris les modules et les bibliothèques. C’est ce qui fait de Python un générateur de code très efficace.\r\n    Il est possible d’écrire des applications manipulant leurs propres fonctions, beaucoup plus extensibles qu’avec d’autres langages. Il est aussi possible de s’en servir pour diriger des systèmes de génération de code comme LLVM pour créer du code dans d’autres langages.\r\n\r\n**vous pouver lire l''article complet sur** [DataScientest](https://datascientest.com/python-tout-savoir)','\r',char(13)),'\n',char(10)),'','2025-02-16','python-est-le-langage-de-programmation-informatiqu');
INSERT INTO nene_article VALUES(3,'deve','Aliou','Cours en ligne',replace(replace('# Tu veux interagir avec ce code pour poser des questions sur son fonctionnement, son amélioration ou son intégration ? Voici quelques axes sur lesquels tu peux poser des questions :\r\n🔹 Compréhension du Code\r\n\r\n    Que fait précisément cette fonction ?\r\n    Comment fonctionne la boucle for avec tqdm ?\r\n    Pourquoi utilise-t-on response_format={"type": "json"} ?\r\n\r\n# Améliorations Possibles\r\n\r\n    Comment gérer les erreurs si GPT-4 ne retourne pas de JSON valide ?\r\n    Comment optimiser le traitement des text_chunks en parallèle ?\r\n    Comment ajouter une gestion des logs pour mieux suivre les erreurs et les performances ?','\r',char(13)),'\n',char(10)),'','2025-02-16','deve');
CREATE TABLE IF NOT EXISTS "nene_technology" ("id" integer NOT NULL PRIMARY KEY AUTOINCREMENT, "name" varchar(50) NOT NULL UNIQUE);
INSERT INTO nene_technology VALUES(1,'Power BI');
INSERT INTO nene_technology VALUES(2,'Excel');
INSERT INTO nene_technology VALUES(3,'Python');
INSERT INTO nene_technology VALUES(4,'Power Point');
INSERT INTO nene_technology VALUES(5,'Power BI - Service');
INSERT INTO nene_technology VALUES(6,'Jupyter notebook');
INSERT INTO nene_technology VALUES(7,'Scikit-Learn');
INSERT INTO nene_technology VALUES(8,'tensorFlow');
INSERT INTO nene_technology VALUES(9,'SAS');
INSERT INTO nene_technology VALUES(10,'SAS Viya');
INSERT INTO nene_technology VALUES(11,'SQL');
INSERT INTO nene_technology VALUES(12,'Django');
INSERT INTO nene_technology VALUES(13,'Bootstrap');
INSERT INTO nene_technology VALUES(14,'SQLite');
INSERT INTO nene_technology VALUES(15,'Web Scraping');
INSERT INTO nene_technology VALUES(16,'Machine Learning');
INSERT INTO nene_technology VALUES(17,'Deep Learning');
INSERT INTO nene_technology VALUES(18,'Cloud Computing');
CREATE TABLE IF NOT EXISTS "nene_education" ("id" integer NOT NULL PRIMARY KEY AUTOINCREMENT, "degree" varchar(100) NULL, "specialty" varchar(100) NOT NULL, "university" varchar(100) NOT NULL, "start_date" date NOT NULL, "end_date" date NULL, "description" text NOT NULL, "country" varchar(100) NOT NULL, "city" varchar(100) NOT NULL, "employee_id" bigint NOT NULL REFERENCES "nene_employee" ("id") DEFERRABLE INITIALLY DEFERRED);
INSERT INTO nene_education VALUES(4,'Master','Mathématiques Appliquées et Statistique','Université Clermont-Auvergne','2022-09-05','2024-11-18','Approfondissement des méthodes statistiques avancées, du machine learning, de l’analyse de données massives et de l''intelligence artificielle pour la prise de décision stratégique et l’optimisation des performances.','France','Clermont-Ferrand',3);
INSERT INTO nene_education VALUES(5,'Licence','Mathématiques','Université Clermont-Auvergne','2020-09-13','2022-09-15','Formation approfondie en analyse mathématique, algèbre, probabilités et statistiques. Acquisition de compétences en programmation (Python, R) et en résolution de problèmes complexes liés à l’analyse numérique et aux systèmes dynamiques.','France','Clermont-Ferrand',3);
INSERT INTO nene_education VALUES(6,'Licence','Mathématiques et Informatiques','Université de Thiès','2018-09-03','2020-07-14','Solide formation en modélisation mathématique, algorithmique et programmation, avec un focus sur l’analyse de données et le développement de solutions numériques.','Sénégal','Thiès',3);
CREATE TABLE IF NOT EXISTS "nene_project_technologies" ("id" integer NOT NULL PRIMARY KEY AUTOINCREMENT, "project_id" bigint NOT NULL REFERENCES "nene_project" ("id") DEFERRABLE INITIALLY DEFERRED, "technology_id" bigint NOT NULL REFERENCES "nene_technology" ("id") DEFERRABLE INITIALLY DEFERRED);
INSERT INTO nene_project_technologies VALUES(3,2,1);
INSERT INTO nene_project_technologies VALUES(4,2,5);
INSERT INTO nene_project_technologies VALUES(5,3,8);
INSERT INTO nene_project_technologies VALUES(6,3,3);
INSERT INTO nene_project_technologies VALUES(7,3,6);
INSERT INTO nene_project_technologies VALUES(8,3,7);
INSERT INTO nene_project_technologies VALUES(9,4,8);
INSERT INTO nene_project_technologies VALUES(10,4,2);
INSERT INTO nene_project_technologies VALUES(11,4,3);
INSERT INTO nene_project_technologies VALUES(12,5,8);
INSERT INTO nene_project_technologies VALUES(13,5,3);
INSERT INTO nene_project_technologies VALUES(14,5,6);
CREATE TABLE IF NOT EXISTS "nene_experience" ("id" integer NOT NULL PRIMARY KEY AUTOINCREMENT, "position" varchar(100) NOT NULL, "company" varchar(100) NOT NULL, "start_date" date NOT NULL, "end_date" date NULL, "is_current" bool NOT NULL, "description" text NOT NULL, "city" varchar(100) NOT NULL, "employee_id" bigint NOT NULL REFERENCES "nene_employee" ("id") DEFERRABLE INITIALLY DEFERRED);
INSERT INTO nene_experience VALUES(2,'Assistant Data Analyst In Marketing strategy','Eutelsat Group','2024-04-02','2024-09-06',1,replace(replace('Conduite d’études de marché approfondies sur le secteur télévisuel dans les Balkans, le Moyen-Orient, l’Amérique Latine et l’Europe. Analyse comparative des offres (packages, prix, satisfaction client) et des modes de réception (satellite, IPTV, câble). Évaluation des tendances de consommation sur les principales plateformes numériques (YouTube, Facebook, TikTok, Netflix, Amazon Prime) en corrélation avec des facteurs externes tels que l’accès à Internet, la démographie, le revenu et l’équipement technologique (TV, tablette, smartphone, ordinateur).\r\n\r\nÉtude spécifique des audiences télévisuelles pendant le Ramadan 2023 au Maroc, en Algérie et en Arabie Saoudite. Modélisation et optimisation d’une base de données orientée business pour le suivi de la réception indirecte de la télévision par satellite en Europe, permettant une meilleure compréhension des dynamiques de consommation et d’accès aux contenus audiovisuels.','\r',char(13)),'\n',char(10)),'Issy-Les-moullineaux',3);
INSERT INTO nene_experience VALUES(3,'Data Scientist - Customer Intelligence, Risk and Fraud','SAS Institut','2024-03-04','2024-03-29',0,'Formation intensive au métier de Data Scientist, avec une expertise approfondie des outils avancés SAS Viya et SAS 360. Application des techniques de modélisation prédictive, machine learning et text mining à des problématiques complexes telles que la gestion des risques, la prévention de la fraude et l’optimisation de l’expérience client. Approche analytique combinant analyse métier et intelligence artificielle pour le développement de solutions stratégiques basées sur la donnée.','La Defense',3);
INSERT INTO nene_experience VALUES(4,'Développeur Data Scientist','INRAE','2023-05-02','2023-09-15',0,'Conception et développement d’un outil de gestion de données adapté aux besoins métier. Rédaction d’un cahier des charges détaillé et proposition d’une solution applicative optimisée. Développement d’un modèle prédictif d’émission de méthane basé sur des techniques de machine learning. Conception et modélisation d’une base de données optimisée avec LucidChart et SQLite. Développement et déploiement d’une application web en Python (Django), HTML, CSS et Bootstrap, offrant une interface intuitive pour la gestion et l’analyse des données.','Clermont-Ferrand',3);
INSERT INTO nene_experience VALUES(5,'Co-fondateur & Responsable Pôle IA','Gabithex','2024-12-11',NULL,1,'Accompagnement des entreprises dans la transformation digitale et l’optimisation de leur performance grâce à la data. Conception et mise en place de solutions analytiques sur mesure, intégrant business intelligence, machine learning et analyse prédictive. Développement d’outils de gestion et de reporting automatisés pour aider les clients à exploiter efficacement leurs données et améliorer leur prise de décision stratégique.','Île-de-France',3);
CREATE TABLE IF NOT EXISTS "nene_experience_technologies" ("id" integer NOT NULL PRIMARY KEY AUTOINCREMENT, "experience_id" bigint NOT NULL REFERENCES "nene_experience" ("id") DEFERRABLE INITIALLY DEFERRED, "technology_id" bigint NOT NULL REFERENCES "nene_technology" ("id") DEFERRABLE INITIALLY DEFERRED);
INSERT INTO nene_experience_technologies VALUES(5,2,1);
INSERT INTO nene_experience_technologies VALUES(6,2,2);
INSERT INTO nene_experience_technologies VALUES(7,2,3);
INSERT INTO nene_experience_technologies VALUES(11,3,9);
INSERT INTO nene_experience_technologies VALUES(12,3,10);
INSERT INTO nene_experience_technologies VALUES(13,3,11);
INSERT INTO nene_experience_technologies VALUES(14,4,3);
INSERT INTO nene_experience_technologies VALUES(15,4,12);
INSERT INTO nene_experience_technologies VALUES(16,4,13);
INSERT INTO nene_experience_technologies VALUES(17,4,14);
INSERT INTO nene_experience_technologies VALUES(18,5,3);
INSERT INTO nene_experience_technologies VALUES(19,5,5);
INSERT INTO nene_experience_technologies VALUES(20,5,11);
INSERT INTO nene_experience_technologies VALUES(21,5,12);
INSERT INTO nene_experience_technologies VALUES(22,5,15);
INSERT INTO nene_experience_technologies VALUES(23,5,16);
INSERT INTO nene_experience_technologies VALUES(24,5,17);
INSERT INTO nene_experience_technologies VALUES(25,5,18);
CREATE TABLE IF NOT EXISTS "nene_softskills" ("id" integer NOT NULL PRIMARY KEY AUTOINCREMENT, "name" varchar(50) NOT NULL UNIQUE);
INSERT INTO nene_softskills VALUES(1,'pensé critique');
INSERT INTO nene_softskills VALUES(2,'Esprit critique');
INSERT INTO nene_softskills VALUES(3,'Résolution de problèmes complexes');
INSERT INTO nene_softskills VALUES(4,'Prise de décision sous pression');
INSERT INTO nene_softskills VALUES(5,'Apprentissage continu');
INSERT INTO nene_softskills VALUES(6,'Vision stratégique');
INSERT INTO nene_softskills VALUES(7,'Leadership & influence');
INSERT INTO nene_softskills VALUES(8,'Communication impactante');
INSERT INTO nene_softskills VALUES(9,'Négociation & persuasion');
INSERT INTO nene_softskills VALUES(10,'Prise de parole en public');
INSERT INTO nene_softskills VALUES(11,'Capacité à donner et recevoir du feedback');
INSERT INTO nene_softskills VALUES(12,'Innovation & créativité');
INSERT INTO nene_softskills VALUES(13,'Pensée agile & flexibilité');
INSERT INTO nene_softskills VALUES(14,'Résilience & mindset de croissance');
INSERT INTO nene_softskills VALUES(15,'Autonomie & proactivité');
INSERT INTO nene_softskills VALUES(16,'Capacité à travailler en mode projet');
INSERT INTO nene_softskills VALUES(17,'Collaboration interdisciplinaire');
INSERT INTO nene_softskills VALUES(18,'Empathie & intelligence émotionnelle');
INSERT INTO nene_softskills VALUES(19,'Gestion des conflits');
INSERT INTO nene_softskills VALUES(20,'Gestion du stress');
INSERT INTO nene_softskills VALUES(21,'Esprit d’équipe & culture d’entreprise');
CREATE TABLE IF NOT EXISTS "nene_employee" ("id" integer NOT NULL PRIMARY KEY AUTOINCREMENT, "name" varchar(100) NOT NULL, "email" varchar(254) NOT NULL UNIQUE, "phone" varchar(20) NULL, "linkedin" varchar(200) NULL, "position" varchar(150) NOT NULL, "photo" varchar(100) NULL, "location" varchar(100) NOT NULL, "about" text NOT NULL, "slug" varchar(50) NULL UNIQUE, "cv" varchar(100) NULL, "gitHub" varchar(200) NULL, "medium" varchar(200) NULL);
INSERT INTO nene_employee VALUES(3,'Aliou DIALLO','aliou@gabithex.com','0641917529','https://www.linkedin.com/in/mamadou-alioudiallo/','Freelance Data Scientist & Python Developer | Data Analyst | Applied Mathematics & Statistics Specialist','profile_pics/photoCV.jpg','Gennevilliers, île-de-france','Diplômé d''un Master en Statistiques et Big Data, avec une expertise en Data Science, Business Intelligence et développement de solutions Data-driven. J’accompagne les entreprises dans l’optimisation de leur stratégie grâce à l’analyse avancée et la modélisation statistique. Expérimenté dans la collaboration avec les équipes métier, je transforme les données en leviers de performance.','aliou_diallo','KOTO/media/cvs/Marketing_Data_Analyst_CV.pdf','https://github.com/kossaiRedou','https://medium.com/@mamadoukalmaya95');
INSERT INTO nene_employee VALUES(6,'Safaye DIALLO','safaye@gmail.com',NULL,'https://www.linkedin.com/in/safaye16/','Co-fondateur & Responsable Marketing - Communication','profile_pics/saffaye1_PJ893Sk.jpg','Nantes',replace(replace('Diplômé d’un Mastère 2 en Management de Projet et doté d’une solide expérience dans les domaines du commerce, du marketing et de la gestion de projet, je suis à la recherche d’un nouveau défi professionnel en CDI.\r\n\r\nPassionné par le développement commercial et le management, j’ai eu l’opportunité d’occuper divers postes où j’ai contribué à la croissance des entreprises par :\r\n\r\nLa mise en œuvre de stratégies commerciales et marketing performantes,\r\nLa gestion de projets complexes, de leur planification à leur évaluation,\r\nLe recrutement et l’accompagnement d’équipes talentueuses,\r\nL’établissement de relations solides avec des clients et partenaires clés.\r\nCe parcours varié m’a permis de développer une expertise en prospection, en gestion de portefeuilles clients, en optimisation des processus et en analyse stratégique.','\r',char(13)),'\n',char(10)),'safaye_diallo','',NULL,NULL);
CREATE TABLE IF NOT EXISTS "nene_employee_softSkills" ("id" integer NOT NULL PRIMARY KEY AUTOINCREMENT, "employee_id" bigint NOT NULL REFERENCES "nene_employee" ("id") DEFERRABLE INITIALLY DEFERRED, "softskills_id" bigint NOT NULL REFERENCES "nene_softskills" ("id") DEFERRABLE INITIALLY DEFERRED);
INSERT INTO nene_employee_softSkills VALUES(3,3,4);
INSERT INTO nene_employee_softSkills VALUES(6,3,7);
INSERT INTO nene_employee_softSkills VALUES(8,3,3);
INSERT INTO nene_employee_softSkills VALUES(9,3,12);
INSERT INTO nene_employee_softSkills VALUES(10,3,13);
INSERT INTO nene_employee_softSkills VALUES(11,3,15);
INSERT INTO nene_employee_softSkills VALUES(12,3,16);
INSERT INTO nene_employee_softSkills VALUES(13,6,7);
INSERT INTO nene_employee_softSkills VALUES(14,6,8);
INSERT INTO nene_employee_softSkills VALUES(15,6,9);
INSERT INTO nene_employee_softSkills VALUES(16,6,12);
INSERT INTO nene_employee_softSkills VALUES(17,6,15);
INSERT INTO nene_employee_softSkills VALUES(18,6,10);
CREATE TABLE IF NOT EXISTS "nene_project" ("id" integer NOT NULL PRIMARY KEY AUTOINCREMENT, "title" varchar(200) NOT NULL, "description" text NOT NULL, "image" varchar(100) NULL, "employee_id" bigint NOT NULL REFERENCES "nene_employee" ("id") DEFERRABLE INITIALLY DEFERRED, "slug" varchar(50) NULL UNIQUE, "demo" varchar(200) NULL, "depot" varchar(200) NULL, "date" date NOT NULL);
INSERT INTO nene_project VALUES(2,'Annual income Dasboard','Intuitively build, edit, and publish your portfolio with an easy-to-use tool that we have built ad-hoc for data scientists, analysts and data engineers.','projects/Capture_décran_2025-02-21_225808_aK7D8A6.png',3,'annual-income-dasboard','https://kph.gabithex.fr/about/','https://kph.gabithex.fr/about/','2025-02-22');
INSERT INTO nene_project VALUES(3,'Social Media Analyses',replace(replace('Intuitively build, edit, and publish your portfolio with an easy-to-use tool that we have built ad-hoc for data scientists, analysts and data engineers.\r\nIntuitively build, edit, and publish your portfolio with an easy-to-use tool that we have built ad-hoc for data scientists, analysts and data engineers.\r\nIntuitively build, edit, and publish your portfolio with an easy-to-use tool that we have built ad-hoc for data scientists, analysts and data engineers.\r\nIntuitively build, edit, and publish your portfolio with an easy-to-use tool that we have built ad-hoc for data scientists, analysts and data engineers.','\r',char(13)),'\n',char(10)),'projects/im4.jpg',3,'social-media-analyses','https://kph.gabithex.fr/about/','https://kph.gabithex.fr/about/','2025-02-22');
INSERT INTO nene_project VALUES(4,'Face recognation with IA','Intuitively build, edit, and publish your portfolio with an easy-to-use tool that we have built ad-hoc for data scientists, analysts and data engineers.Intuitively build, edit, and publish your portfolio with an easy-to-use tool that we have built ad-hoc for data scientists, analysts and data engineers.Intuitively build, edit, and publish your portfolio with an easy-to-use tool that we have built ad-hoc for data scientists, analysts and data engineers.Intuitively build, edit, and publish your portfolio with an easy-to-use tool that we have built ad-hoc for data scientists, analysts and data engineers.','projects/im3.jpg',3,'face-recognation-with-ia',NULL,NULL,'2025-02-22');
INSERT INTO nene_project VALUES(5,'Web Site ChatBot inprove by IA','Intuitively build, edit, and publish your portfolio with an easy-to-use tool that we have built ad-hoc for data scientists, analysts and data engineers.','projects/im2.jpg',3,'web-site-chatbot-inprove-by-ia',NULL,NULL,'2025-02-22');
CREATE TABLE IF NOT EXISTS "nene_skill" ("id" integer NOT NULL PRIMARY KEY AUTOINCREMENT, "name" varchar(100) NOT NULL UNIQUE);
INSERT INTO nene_skill VALUES(1,'analyse exploratoire');
INSERT INTO nene_skill VALUES(2,'Repporting');
INSERT INTO nene_skill VALUES(3,'business intelligence');
INSERT INTO nene_skill VALUES(4,'Power BI services');
INSERT INTO nene_skill VALUES(5,'Power Pivot');
INSERT INTO nene_skill VALUES(6,'Power Query');
CREATE TABLE IF NOT EXISTS "nene_certification_skills" ("id" integer NOT NULL PRIMARY KEY AUTOINCREMENT, "certification_id" bigint NOT NULL REFERENCES "nene_certification" ("id") DEFERRABLE INITIALLY DEFERRED, "skill_id" bigint NOT NULL REFERENCES "nene_skill" ("id") DEFERRABLE INITIALLY DEFERRED);
INSERT INTO nene_certification_skills VALUES(1,1,1);
INSERT INTO nene_certification_skills VALUES(2,1,2);
INSERT INTO nene_certification_skills VALUES(3,1,3);
INSERT INTO nene_certification_skills VALUES(4,1,5);
INSERT INTO nene_certification_skills VALUES(5,1,6);
CREATE TABLE IF NOT EXISTS "nene_certification" ("id" integer NOT NULL PRIMARY KEY AUTOINCREMENT, "title" varchar(150) NOT NULL, "platform" varchar(100) NOT NULL, "link" varchar(200) NULL, "image" varchar(100) NULL, "employee_id" bigint NOT NULL REFERENCES "nene_employee" ("id") DEFERRABLE INITIALLY DEFERRED, "date" date NOT NULL);
INSERT INTO nene_certification VALUES(1,'Power BI','Udemy','https://udemy-certificate.s3.amazonaws.com/image/UC-4e26dec7-0000-4365-b631-a4d133d850aa.jpg','certifications/powerBI_dmLyVj8.jpg',3,'2024-06-11');
CREATE TABLE IF NOT EXISTS "nene_aboutsection" ("id" integer NOT NULL PRIMARY KEY AUTOINCREMENT, "title" varchar(255) NOT NULL, "year" varchar(4) NOT NULL, "history_title" varchar(255) NOT NULL, "history_text" text NOT NULL, "video_url" varchar(200) NULL, "mission" text NOT NULL, "image" varchar(100) NULL);
INSERT INTO nene_aboutsection VALUES(1,'A propos','2024','Notre Histoire','Gabithex est une initiative ambitieuse combinant intelligence artificielle et analyse stratégique. 12345.','https://github.com/kossaiRedou/consulting',replace(replace('Analyse des tendances sectorielles et veille concurrentielle\r\nIdentification des opportunités de croissance et benchmarks\r\nDéveloppement d’outils interactifs et dashboards sur mesure\r\nDéveloppement d’outils interactifs et dashboards sur mesure 3','\r',char(13)),'\n',char(10)),'about_images/logoFA.png');
CREATE TABLE IF NOT EXISTS "nene_practice" ("id" integer NOT NULL PRIMARY KEY AUTOINCREMENT, "title" varchar(255) NOT NULL, "description" text NOT NULL, "number" integer unsigned NOT NULL UNIQUE CHECK ("number" >= 0));
INSERT INTO nene_practice VALUES(1,'Conseil en Stratégie et Transformation Digitale','Nous aidons nos clients à définir et mettre en œuvre des stratégies digitales innovantes pour améliorer leur compétitivité et leur efficacité opérationnelle.',1);
INSERT INTO nene_practice VALUES(2,'Analyse de Données et Intelligence Artificielle','Grâce à des outils avancés de Big Data et d’IA, nous fournissons des analyses prédictives et des recommandations stratégiques adaptées aux besoins de chaque entreprise.',2);
INSERT INTO nene_practice VALUES(3,'Développement de Solutions Technologiques sur Mesure','Nous concevons et développons des solutions digitales personnalisées (applications web, Dashboard) adaptées aux enjeux de nos clients.',3);
INSERT INTO nene_practice VALUES(4,'Accompagnement en Intelligence Marché & Veille Stratégique',replace(replace('Anticiper les tendances et détecter les opportunités !\r\n\r\nNous fournissons des études de marché, des analyses concurrentielles et des recommandations basées sur des données pour aider nos clients à prendre les meilleures décisions.','\r',char(13)),'\n',char(10)),4);
DELETE FROM sqlite_sequence;
INSERT INTO sqlite_sequence VALUES('django_migrations',36);
INSERT INTO sqlite_sequence VALUES('django_admin_log',90);
INSERT INTO sqlite_sequence VALUES('django_content_type',19);
INSERT INTO sqlite_sequence VALUES('auth_permission',76);
INSERT INTO sqlite_sequence VALUES('auth_group',0);
INSERT INTO sqlite_sequence VALUES('auth_user',1);
INSERT INTO sqlite_sequence VALUES('nene_article',3);
INSERT INTO sqlite_sequence VALUES('nene_education',6);
INSERT INTO sqlite_sequence VALUES('nene_technology',18);
INSERT INTO sqlite_sequence VALUES('nene_experience',5);
INSERT INTO sqlite_sequence VALUES('nene_experience_technologies',25);
INSERT INTO sqlite_sequence VALUES('nene_project_technologies',14);
INSERT INTO sqlite_sequence VALUES('nene_employee',6);
INSERT INTO sqlite_sequence VALUES('nene_softskills',21);
INSERT INTO sqlite_sequence VALUES('nene_employee_softSkills',18);
INSERT INTO sqlite_sequence VALUES('nene_project',5);
INSERT INTO sqlite_sequence VALUES('nene_skill',6);
INSERT INTO sqlite_sequence VALUES('nene_certification_skills',5);
INSERT INTO sqlite_sequence VALUES('nene_certification',1);
INSERT INTO sqlite_sequence VALUES('nene_aboutsection',1);
INSERT INTO sqlite_sequence VALUES('nene_practice',4);
